Product ID Number,Product Name,Product Brand,Product Type,Engine Configuration,Cooling System,Displacement (cc),Transmission,Date of Manufacturing,Date of Acquisition,Unit Price
1,CBR500R,Honda,Sport,Parallel-twin,liquid-cooled,471,6-speed,2021,2023,389000
2,MT-15,Yamaha,Naked bike,Single cylinder,liquid-cooled,155,6-speed,2022,2023,178000
3,Ninja 400,Kawasaki,Sport,Parallel-twin,liquid-cooled,399,6-speed,2023,2024,340000
4,Raider R150 Fi,Suzuki,Underbone,Single cylinder,liquid-cooled,150,6-speed,2020,2021,119900
5,Enfield Classic 350,Royal,Classic,Single cylinder,air-cooled,349,5-speed,2022,2023,250000
6,300NK,CFMoto,Naked bike,Single cylinder,liquid-cooled,292,6-speed,2021,2022,165000
7,Veloce 500,Bristol,Cafe racer,Twin cylinder,air-cooled,471,6-speed,2022,2023,328000
8,Duke 200,KTM,Naked bike,Single cylinder,liquid-cooled,199,6-speed,2023,2024,178000
9,XSR155,Yamaha,Retro,Single cylinder,liquid-cooled,155,6-speed,2022,2023,182000
10,Dominar 400,Bajaj,Sport touring,Single cylinder,liquid-cooled,373,6-speed,2021,2022,199900
11,NMAX 155,Yamaha,Scooter,Single cylinder,liquid-cooled,155,CVT,2022,2023,151900
12,ADV 160,Honda,Scooter,Single cylinder,liquid-cooled,157,CVT,2023,2024,164900
13,Avenis 125,Suzuki,Scooter,Single cylinder,air-cooled,124,CVT,2023,2024,79900
14,RC 200,KTM,Sport,Single cylinder,liquid-cooled,199,6-speed,2021,2022,198000
15,G 310 GS,BMW,Adventure,Single cylinder,liquid-cooled,313,6-speed,2023,2024,320000
16,Apache RTR 200 4V,TVS,Naked bike,Single cylinder,oil-cooled,197,5-speed,2022,2023,129000
17,Svartpilen 401,Husqvarna,Scrambler,Single cylinder,liquid-cooled,373,6-speed,2023,2024,295000
18,Primavera 150,Vespa,Scooter,Single cylinder,air-cooled,150,CVT,2022,2023,210000
19,GSX-S150,Suzuki,Naked bike,Single cylinder,liquid-cooled,147,6-speed,2021,2022,125000
20,Z400,Kawasaki,Naked bike,Parallel-twin,liquid-cooled,399,6-speed,2023,2024,331000
21,Aerox 155,Yamaha,Scooter,Single cylinder,liquid-cooled,155,CVT,2022,2023,124000
22,Bobber 650,Bristol,Cruiser,Parallel-twin,liquid-cooled,649,6-speed,2022,2023,398000
23,RKS 150 Sport,Keeway,Standard,Single cylinder,air-cooled,149,5-speed,2021,2022,68900
24,Xplorer 250R,Motorstar,Adventure,Single cylinder,oil-cooled,223,6-speed,2020,2021,78900
25,650MT,CFMoto,Touring,Parallel-twin,liquid-cooled,649,6-speed,2023,2024,345000
26,Click 125i,Honda,Scooter,Single cylinder,liquid-cooled,125,CVT,2022,2023,80900
27,Sniper 155,Yamaha,Underbone,Single cylinder,liquid-cooled,155,6-speed,2023,2024,125900
28,CT125,Bajaj,Commuter,Single cylinder,air-cooled,125,4-speed,2021,2022,67900
29,CRF300L,Honda,Dual-sport,Single cylinder,liquid-cooled,286,6-speed,2023,2024,284900
30,Flash 125,Rusi,Commuter,Single cylinder,air-cooled,125,4-speed,2020,2021,48000
31,Jet X 150,SYM,Scooter,Single cylinder,liquid-cooled,149,CVT,2022,2023,128000
32,Street 750,Harley-Davidson,Cruiser,V-twin,liquid-cooled,749,6-speed,2020,2021,499000
33,310X,Zontes,Adventure,Single cylinder,liquid-cooled,312,6-speed,2023,2024,248000
34,SR GT 200,Aprilia,Scooter,Single cylinder,liquid-cooled,174,CVT,2023,2024,219000
35,XMAX 300,Yamaha,Scooter,Single cylinder,liquid-cooled,292,CVT,2022,2023,319000
36,502C,Benelli,Cruiser,Parallel-twin,liquid-cooled,500,6-speed,2022,2023,349000
37,Morini X-Cape 650,Moto,Adventure,Parallel-twin,liquid-cooled,649,6-speed,2023,2024,369000
38,FZi 150,Yamaha,Street,Single cylinder,air-cooled,149,5-speed,2021,2022,99900
39,GTS Super 300,Vespa,Scooter,Single cylinder,liquid-cooled,278,CVT,2023,2024,398000
40,KLX 230,Kawasaki,Dual-sport,Single cylinder,air-cooled,233,6-speed,2022,2023,199000
41,R nineT,BMW,Heritage,Flat twin,air/oil-cooled,1170,6-speed,2023,2024,995000
42,Rebel 1100,Honda,Cruiser,Parallel-twin,liquid-cooled,1084,6-speed,2023,2024,650000
43,790 Duke,KTM,Naked bike,Parallel-twin,liquid-cooled,799,6-speed,2023,2024,599000
44,300SR,CFMoto,Sport,Single cylinder,liquid-cooled,292,6-speed,2023,2024,165000
45,Dragster 200,Italjet,Scooter,Single cylinder,liquid-cooled,181,CVT,2023,2024,289000
46,Serow 250,Yamaha,Dual-sport,Single cylinder,air-cooled,249,5-speed,2020,2021,299000
47,Burgman Street 125,Suzuki,Scooter,Single cylinder,air-cooled,124,CVT,2023,2024,80900
48,GK350,Zontes,Cafe racer,Single cylinder,liquid-cooled,348,6-speed,2023,2024,269000
49,Guzzi V7 Stone,Moto,Heritage,V-twin,air-cooled,853,6-speed,2022,2023,689000
50,Husky 150,SYM,Underbone,Single cylinder,air-cooled,150,CVT,2022,2023,72900
