Date,Client Type,Product Name,Product Brand,Unit Price,Product Quantity,Total Price,Payment Type
2025-06-15,Wholesale,FZi 150,Yamaha,99900,18,1798200,Credit card
2025-06-21,Wholesale,310X,Zontes,248000,7,1736000,Cash
2025-06-24,Wholesale,GTS Super 300,Vespa,398000,19,7562000,Credit card
2025-06-03,Wholesale,Guzzi V7 Stone,Moto,689000,13,8957000,Cash
2025-06-22,Retail,Veloce 500,Bristol,328000,4,1312000,Credit card
2025-06-02,Retail,300SR,CFMoto,165000,9,1485000,Transfer
2025-06-30,Wholesale,ADV 160,Honda,164900,5,824500,Cash
2025-06-02,Retail,Guzzi V7 Stone,Moto,689000,10,6890000,Transfer
2025-06-21,Retail,Sniper 155,Yamaha,125900,24,3021600,Credit card
2025-06-22,Retail,RKS 150 Sport,Keeway,68900,3,206700,Cash
2025-06-15,Wholesale,Avenis 125,Suzuki,79900,7,559300,Credit card
2025-06-03,Retail,RKS 150 Sport,Keeway,68900,35,2411500,Credit card
2025-06-07,Retail,Jet X 150,SYM,128000,43,5504000,Transfer
2025-06-21,Retail,502C,Benelli,349000,21,7329000,Transfer
2025-06-18,Wholesale,ADV 160,Honda,164900,50,8245000,Credit card
2025-06-04,Retail,Aerox 155,Yamaha,124000,2,248000,Credit card
2025-06-14,Retail,Guzzi V7 Stone,Moto,689000,43,29627000,Transfer
2025-06-09,Retail,650MT,CFMoto,345000,13,4485000,Cash
2025-06-02,Retail,300SR,CFMoto,165000,25,4125000,Cash
2025-06-08,Wholesale,Morini X-Cape 650,Moto,369000,27,9963000,Cash
,Retail,Primavera 150,Vespa,210000,31,6510000,Credit card
2025-06-04,Wholesale,CT125,Bajaj,67900,20,1358000,Transfer
2025-06-02,Wholesale,Z400,Kawasaki,331000,15,4965000,Transfer
2025-06-06,Retail,Xplorer 250R,Motorstar,78900,36,2840400,Credit card
2025-06-04,Retail,Bobber 650,Bristol,398000,36,14328000,Credit card
2025-06-18,Wholesale,SR GT 200,Aprilia,219000,4,876000,Credit card
2025-06-14,Retail,Guzzi V7 Stone,Moto,689000,40,27560000,Cash
2025-06-15,,Duke 200,KTM,178000,15,2670000,Cash
2025-06-24,Retail,Veloce 500,Bristol,328000,4,1312000,Credit card
2025-06-26,Retail,Serow 250,Yamaha,299000,28,8372000,Transfer
2025-06-29,Wholesale,Duke 200,KTM,534000,7,1246000,Transfer
2025-06-15,Retail,Street 750,Harley-Davidson,499000,19,9481000,Transfer
2025-06-09,Retail,790 Duke,KTM,599000,14,8386000,Transfer
2025-06-01,Wholesale,790 Duke,KTM,599000,9,5391000,Transfer
2025-06-08,Wholesale,Bobber 650,Bristol,398000,1,398000,Transfer
2025-06-11,Wholesale,Bobber 650,Bristol,398000,22,8756000,Credit card
2025-06-08,Wholesale,Burgman Street 125,Suzuki,242700,5,404500,Transfer
2025-06-05,Wholesale,FZi 150,Yamaha,99900,17,1698300,Credit card
2025-06-28,Wholesale,Ninja 400,Kawasaki,340000,8,2720000,
2025-06-07,Retail,CRF300L,Honda,284900,2,569800,Transfer
2025-06-12,Retail,G 310 GS,BMW,320000,49,15680000,Credit card
2025-06-23,Wholesale,Click 125i,Honda,80900,7,566300,Credit card
2025-06-03,Wholesale,502C,Benelli,349000,13,4537000,Cash
2025-06-01,Retail,Sniper 155,Yamaha,377700,8,1007200,Cash
2025-06-05,Wholesale,Bobber 650,Bristol,398000,28,11144000,Credit card
2025-06-14,Retail,Rebel 1100,Honda,650000,1,650000,Transfer
2025-06-27,Wholesale,Click 125i,Honda,80900,21,1698900,Cash
2025-06-09,Wholesale,G 310 GS,BMW,320000,20,6400000,Credit card
2025-06-15,Retail,300NK,CFMoto,165000,35,5775000,Cash
2025-06-04,Retail,RC 200,KTM,198000,15,2970000,Credit card
2025-06-23,Wholesale,Raider R150 Fi,Suzuki,119900,2,239800,Credit card
2025-06-15,Retail,Burgman Street 125,Suzuki,80900,10,809000,Credit card
2025-06-29,Retail,G 310 GS,BMW,320000,19,6080000,Cash
2025-06-13,Retail,Guzzi V7 Stone,Moto,689000,13,8957000,Cash
2025-06-28,Wholesale,XSR155,Yamaha,182000,2,364000,Transfer
2025-06-06,Retail,XSR155,Yamaha,182000,20,3640000,Transfer
2025-06-28,Retail,Apache RTR 200 4V,TVS,387000,9,1161000,Transfer
2025-06-28,Retail,Flash 125,Rusi,48000,48,2304000,Cash
2025-06-30,Retail,FZi 150,Yamaha,99900,5,499500,Cash
2025-06-01,Retail,CRF300L,Honda,284900,32,9116800,Transfer
2025-06-27,Wholesale,300NK,CFMoto,165000,19,3135000,Transfer
2025-06-03,Retail,300SR,CFMoto,495000,7,1155000,Transfer
2025-06-27,Retail,Click 125i,Honda,80900,3,242700,Cash
2025-06-09,Wholesale,Husky 150,SYM,72900,11,801900,Credit card
2025-06-24,Wholesale,Enfield Classic 350,Royal,250000,8,2000000,Credit card
2025-06-12,Retail,502C,Benelli,349000,12,4188000,Transfer
2025-06-02,Wholesale,Bobber 650,Bristol,398000,32,12736000,Credit card
2025-06-03,Retail,Dragster 200,Italjet,289000,11,3179000,Cash
2025-06-02,Wholesale,650MT,CFMoto,345000,4,1380000,Cash
2025-06-02,Retail,650MT,CFMoto,345000,10,3450000,Cash
2025-06-01,,Street 750,Harley-Davidson,499000,7,3493000,Cash
2025-01-13,Retail,CT125,Bajaj,67900,21,1425900,Cash
2025-06-02,Retail,Morini X-Cape 650,Moto,369000,19,7011000,Cash
2025-06-17,Wholesale,Xplorer 250R,Motorstar,78900,43,3392700,Transfer
2025-06-24,Retail,XSR155,Yamaha,182000,20,3640000,Transfer
2025-06-11,Retail,Click 125i,Honda,80900,38,3074200,Transfer
2025-06-16,Wholesale,Click 125i,Honda,80900,16,1294400,Cash
2025-06-03,Retail,CRF300L,Honda,284900,21,5982900,Cash
2025-06-20,Wholesale,Street 750,Harley-Davidson,499000,6,2994000,Credit card
2025-06-19,Wholesale,RC 200,KTM,198000,14,2772000,
2025-06-19,Wholesale,Duke 200,KTM,178000,9,1602000,Cash
2025-06-20,Retail,Rebel 1100,Honda,650000,1,650000,Credit card
2025-06-01,Retail,790 Duke,KTM,599000,1,599000,Credit card
2025-06-11,Wholesale,Xplorer 250R,Motorstar,78900,23,1814700,Transfer
2025-06-23,Retail,Avenis 125,Suzuki,79900,19,1518100,Cash
2025-06-07,Retail,Ninja 400,Kawasaki,340000,5,1700000,Credit card
2025-06-16,Retail,Xplorer 250R,Motorstar,78900,5,394500,Transfer
2025-06-02,Wholesale,GK350,Zontes,269000,11,2959000,Cash
2025-06-01,Wholesale,RKS 150 Sport,Keeway,68900,12,826800,Transfer
2025-06-12,Retail,300NK,CFMoto,165000,43,7095000,Cash
2025-06-09,Retail,CBR500R,Honda,389000,21,8169000,Cash
2025-06-19,Wholesale,Aerox 155,Yamaha,124000,11,1364000,Credit card
2025-06-03,Retail,Sniper 155,Yamaha,125900,17,2140300,Cash
2025-06-20,Retail,FZi 150,Yamaha,99900,35,3496500,Cash
2025-06-24,Retail,Xplorer 250R,Motorstar,78900,17,1341300,Credit card
2025-06-24,Retail,Duke 200,KTM,178000,12,2136000,Transfer
2025-06-25,Retail,790 Duke,KTM,599000,33,19767000,Cash
2025-06-18,Retail,Enfield Classic 350,Royal,250000,11,2750000,Credit card
2025-06-14,Retail,G 310 GS,BMW,320000,16,5120000,Credit card
2025-06-21,Retail,Serow 250,Yamaha,299000,19,5681000,Cash
2025-06-20,Retail,RC 200,KTM,198000,11,2178000,Cash
2025-06-08,Retail,300NK,CFMoto,165000,4,660000,Credit card
2025-06-07,Wholesale,Flash 125,Rusi,48000,5,240000,Cash
2025-06-17,Retail,GK350,Zontes,269000,1,269000,Transfer
2025-06-22,Retail,650MT,CFMoto,345000,49,16905000,Cash
2025-06-30,Wholesale,Flash 125,Rusi,48000,45,2160000,Credit card
2025-06-08,Wholesale,Enfield Classic 350,Royal,250000,1,250000,Transfer
2025-06-27,Retail,Ninja 400,Kawasaki,340000,2,680000,Credit card
2025-06-27,Retail,Duke 200,KTM,178000,14,2492000,Cash
2025-06-21,Retail,CT125,Bajaj,67900,20,1358000,Credit card
2025-06-30,Retail,Rebel 1100,Honda,650000,38,24700000,Transfer
2025-06-28,Retail,Primavera 150,Vespa,210000,46,9660000,Credit card
2025-06-19,Wholesale,XMAX 300,Yamaha,319000,10,3190000,Cash
2025-06-04,Retail,650MT,CFMoto,345000,9,3105000,Transfer
2025-06-17,Retail,310X,Zontes,248000,15,3720000,Credit card
2025-06-30,Wholesale,RKS 150 Sport,Keeway,68900,26,1791400,Transfer
2025-06-06,Retail,310X,Zontes,248000,10,2480000,Cash
2025-06-24,Retail,CBR500R,Honda,389000,4,1556000,Credit card
2025-06-18,Retail,Ninja 400,Kawasaki,340000,16,5440000,Transfer
2025-06-25,Wholesale,Svartpilen 401,Husqvarna,295000,50,14750000,Credit card
2025-06-24,Wholesale,Serow 250,Yamaha,299000,29,8671000,Transfer
2025-06-23,Wholesale,KLX 230,Kawasaki,199000,8,1592000,Transfer
2025-06-27,Retail,XSR155,Yamaha,182000,21,3822000,Cash
2025-06-02,Wholesale,MT-15,Yamaha,178000,1,178000,Transfer
2025-06-17,Wholesale,Jet X 150,SYM,128000,15,1920000,Cash
,Wholesale,Burgman Street 125,Suzuki,80900,47,3802300,Credit card
2025-06-26,Retail,GTS Super 300,Vespa,398000,18,7164000,Credit card
2025-06-25,Wholesale,Svartpilen 401,Husqvarna,295000,12,3540000,Credit card
2025-06-24,Retail,Guzzi V7 Stone,Moto,689000,16,11024000,Transfer
2025-06-13,Retail,GK350,Zontes,269000,45,12105000,Credit card
2025-06-07,Retail,CBR500R,Honda,389000,11,4279000,Transfer
2025-06-20,Wholesale,Enfield Classic 350,Royal,250000,7,1750000,Transfer
2025-06-08,Retail,300SR,CFMoto,165000,15,2475000,Cash
2025-06-16,Wholesale,CT125,Bajaj,67900,10,679000,Cash
2025-06-14,Retail,Bobber 650,Bristol,398000,12,4776000,Credit card
2025-06-15,Retail,FZi 150,Yamaha,99900,16,1598400,Transfer
2025-06-25,Retail,Primavera 150,Vespa,210000,1,210000,Cash
2025-06-22,Retail,MT-15,Yamaha,178000,41,7298000,Cash
2025-06-15,Wholesale,Dominar 400,Bajaj,199900,41,8195900,Transfer
2025-06-08,Wholesale,Z400,Kawasaki,331000,11,3641000,Credit card
2025-06-05,Retail,Rebel 1100,Honda,650000,20,13000000,Cash
2025-06-06,Wholesale,Enfield Classic 350,Royal,250000,33,8250000,Transfer
,Wholesale,Rebel 1100,Honda,650000,6,3900000,Transfer
2025-06-16,Retail,CT125,Bajaj,67900,13,882700,Credit card
2025-06-13,Wholesale,CT125,Bajaj,67900,30,2037000,Credit card
2025-06-30,Retail,Husky 150,SYM,72900,9,656100,Credit card
2025-06-19,Retail,Click 125i,Honda,80900,1,80900,Cash
2025-06-17,Retail,Svartpilen 401,Husqvarna,295000,20,5900000,Credit card
2025-06-19,Wholesale,310X,Zontes,248000,48,11904000,Credit card
2025-06-23,Retail,790 Dukx,KTM,599000,3,1797000,Cash
2025-06-09,Retail,Jet X 150,SYM,128000,3,384000,Credit card
2025-06-12,Retail,G 310 GS,BMW,320000,35,11200000,Cash
2025-06-01,Retail,XMAX 300,Yamaha,319000,26,8294000,Transfer
2025-06-01,Retail,GSX-S150,Suzuki,125000,13,1625000,Cash
2025-06-01,Retail,Aerox 155,Yamaha,124000,38,4712000,Cash
2025-06-16,Retail,Flash 125,Rusi,48000,14,672000,Cash
2025-06-22,Retail,790 Duke,KTM,599000,49,29351000,Credit card
2025-06-26,Wholesale,FZi 150,Yamaha,99900,16,1598400,Cash
2025-06-16,Retail,300SR,CFMoto,165000,13,2145000,Credit card
2025-06-29,Wholesale,Aerox 155,Yamaha,124000,33,4092000,Credit card
2025-06-16,Wholesale,Enfield Classic 350,Royal,250000,5,1250000,Transfer
2025-06-23,Retail,GK350,Zontes,269000,50,13450000,Credit card
2025-06-10,Wholesale,G 310 GS,BMW,320000,20,6400000,Transfer
2025-06-10,Retail,Guzzi V7 Stone,Moto,689000,16,11024000,Credit card
2025-06-19,Wholesale,GSX-S150,Suzuki,125000,3,375000,Transfer
2025-06-01,Retail,CT125,Bajaj,67900,6,407400,Credit card
2025-06-04,Wholesale,Click 125i,Honda,80900,14,1132600,Transfer
2025-06-16,Retail,310X,Zontes,248000,50,12400000,Cash
2025-06-24,Retail,ADV 160,Honda,164900,13,2143700,Cash
2025-06-02,Wholesale,FZi 150,Yamaha,99900,5,499500,Cash
2025-06-24,Retail,GSX-S150,Suzuki,125000,7,875000,Credit card
2025-06-12,Wholesale,CBR500R,Honda,389000,14,5446000,Transfer
2025-06-12,Wholesale,XSR155,Yamaha,182000,11,2002000,Cash
2025-06-29,Wholesale,CT125,Bajaj,67900,11,746900,Transfer
2025-06-13,Wholesale,FZi 150,Yamaha,99900,30,2997000,Credit card
2025-06-12,Wholesale,XMAX 300,Yamaha,319000,17,5423000,Transfer
2025-06-02,Retail,NMAX 155,Yamaha,151900,29,4405100,Cash
2025-06-08,Retail,Rebel 1100,Honda,650000,21,13650000,Cash
2025-06-26,Wholesale,Morini X-Cape 650,Moto,369000,16,5904000,Transfer
2025-06-07,Retail,GTS Super 300,Vespa,398000,20,7960000,Credit card
2025-06-29,Retail,G 310 GS,BMW,320000,4,1280000,Cash
2025-06-21,Wholesale,CBR500R,Honda,389000,13,5057000,Transfer
2025-06-10,Retail,Husky 150,SYM,72900,7,510300,Cash
2025-06-24,Retail,Street 750,Harley-Davidson,499000,49,24451000,Credit card
2025-06-24,Wholesale,RKS 150 Sport,Keeway,68900,17,1171300,Credit card
2025-06-23,Retail,310X,Zontes,248000,15,3720000,Transfer
2025-06-12,Wholesale,300NK,CFMoto,165000,30,4950000,Transfer
2025-06-13,Retail,300SR,CFMoto,165000,42,6930000,Credit card
2025-06-23,Wholesale,Sniper 155,Yamaha,125900,6,755400,Transfer
2025-06-30,Retail,Xplorer 250R,Motorstar,78900,20,1578000,Credit card
2025-06-17,Wholesale,MT-15,Yamaha,178000,39,6942000,Transfer
2025-06-13,Wholesale,Guzzi V7 Stone,Moto,689000,5,3445000,Credit card
2025-06-19,Wholesale,Enfield Classic 350,Royal,250000,6,1500000,Cash
2025-06-12,Retail,CRF300L,Honda,284900,32,9116800,Cash
2025-06-19,Wholesale,Xplorer 250R,Motorstar,78900,2,157800,Credit card
2025-06-09,Wholesale,GSX-S150,Suzuki,125000,17,2125000,Credit card
2025-06-28,Retail,G 310 GS,BMW,320000,3,960000,Transfer
2025-06-16,Retail,FZi 150,Yamaha,99900,12,1198800,Cash
2025-06-12,Wholesale,XSR155,Yamaha,182000,20,3640000,Credit card
2025-06-25,Wholesale,790 Duke,KTM,599000,5,2995000,Cash
2025-06-23,Retail,MT-15,Yamaha,178000,16,2848000,Transfer
2025-06-16,Wholesale,MT-1x,Yamaha,178000,36,6408000,Transfer
2025-06-14,Wholesale,Dragster 200,Italjet,289000,18,5202000,Cash
2025-06-05,Wholesale,Raider R150 Fi,Suzuki,119900,20,2398000,Transfer
2025-06-18,Retail,Sniper 155,Yamaha,125900,18,2266200,Cash
2025-06-09,Wholesale,R nineT,BMW,995000,25,24875000,Credit card
2025-06-17,Wholesale,Avenis 125,Suzuki,79900,14,1118600,Credit card
2025-06-07,Wholesale,GTS Super 300,Vespa,398000,20,7960000,Cash
2025-06-13,Wholesale,Apache RTR 200 4V,TVS,129000,16,2064000,Transfer
2025-06-09,Retail,GSX-S150,Suzuki,125000,8,1000000,Cash
2025-06-27,Retail,Rebel 1100,Honda,650000,8,5200000,Transfer
2025-06-05,Wholesale,Click 125i,Honda,80900,14,1132600,
2025-06-29,Wholesale,Veloce 500,Bristol,328000,12,3936000,Cash
2025-06-08,Wholesale,300SR,CFMoto,165000,1,165000,Credit card
2025-06-17,Retail,Z400,Kawasaki,331000,46,15226000,Credit card
2025-06-04,Retail,Jet X 150,SYM,128000,7,896000,Cash
2025-06-19,Retail,Enfield Classic 350,Royal,250000,38,9500000,Credit card
2025-06-19,Wholesale,GSX-S150,Suzuki,125000,3,375000,Cash
2025-06-13,Retail,GTS Super 300,Vespa,398000,41,16318000,Transfer
2025-06-20,Retail,Bobber 650,Bristol,398000,1,398000,Transfer
2025-06-01,Retail,RKS 150 Sport,Keeway,68900,20,1378000,Transfer
2025-06-03,Retail,Enfield Classic 350,Royal,250000,22,5500000,Credit card
2025-06-25,Wholesale,CBR500R,Honda,1167000,47,18283000,Cash
2025-06-06,Retail,Raider R150 Fi,Suzuki,119900,7,839300,Credit card
2025-06-21,Wholesale,Dragster 200,Italjet,289000,10,2890000,Credit card
2025-06-19,Wholesale,300NK,CFMoto,165000,23,3795000,Credit card
2025-06-18,Wholesale,502x,Benelli,1047000,1,349000,Transfer
2025-06-14,Retail,SR GT 200,Aprilia,219000,22,4818000,Cash
2025-06-15,Wholesale,Dominar 400,Bajaj,199900,41,8195900,Cash
2025-06-01,Retail,SR GT 200,Aprilia,219000,10,2190000,Cash
2025-06-03,Wholesale,Dragster 200,Italjet,289000,49,14161000,Transfer
2025-06-16,Retail,Husky 150,SYM,72900,19,1385100,Credit card
2025-06-12,Wholesale,CBR500R,Honda,389000,3,1167000,Credit card
2025-06-16,Wholesale,RC 200,KTM,198000,37,7326000,Credit card
2025-06-24,Retail,CRF300L,Honda,284900,12,3418800,Transfer
2025-06-28,Wholesale,Veloce 500,Bristol,328000,1,328000,Transfer
2025-06-08,Retail,502C,Benelli,349000,19,6631000,Transfer
2025-06-08,Wholesale,Rebel 1100,Honda,650000,5,3250000,Credit card
2025-06-28,Wholesale,Serow 250,Yamaha,299000,26,7774000,Transfer
2025-06-27,Wholesale,502C,Benelli,349000,46,16054000,Credit card
2025-06-17,Retail,RC 200,KTM,198000,15,2970000,Transfer
2025-06-29,Wholesale,300SR,CFMoto,165000,37,6105000,Credit card
2025-06-13,Retail,Aerox 155,Yamaha,124000,15,1860000,Credit card
2025-06-06,Wholesale,Raider R150 Fi,Suzuki,119900,5,599500,Transfer
2025-06-25,Wholesale,Bobber 650,Bristol,398000,4,1592000,Transfer
2025-06-10,Wholesale,Click 125i,Honda,80900,2,161800,Cash
2025-06-30,Retail,RKS 150 Sport,Keeway,68900,15,1033500,Credit card
2025-06-05,Retail,GTS Super 300,Vespa,398000,4,1592000,Transfer
2025-06-18,Wholesale,Ninja 400,Kawasaki,340000,5,1700000,Transfer
2025-06-11,Retail,Bobber 650,Bristol,398000,7,2786000,Credit card
2025-06-26,Wholesale,310X,Zontes,248000,6,1488000,Credit card
2025-06-27,Retail,Husky 150,SYM,72900,8,583200,Credit card
2025-06-01,Wholesale,Raider R150 Fi,Suzuki,119900,3,359700,Credit card
2025-06-21,Retail,502C,Benelli,349000,19,6631000,Transfer
2025-06-06,Wholesale,SR GT 200,Aprilia,219000,7,1533000,Cash
2025-06-05,Retail,Bobber 650,Bristol,398000,13,5174000,Transfer
2025-06-03,Retail,Burgman Street 125,Suzuki,80900,33,2669700,Credit card
2025-06-23,Wholesale,Serow 250,Yamaha,299000,11,3289000,Transfer
2025-06-17,Wholesale,Husky 150,SYM,72900,32,2332800,Transfer
2025-06-01,Wholesale,RKS 150 Sport,Keeway,68900,21,1446900,Transfer
2025-06-04,Retail,Veloce 500,Bristol,328000,21,6888000,Transfer
2025-06-26,Retail,ADV 160,Honda,164900,19,3133100,Transfer
2025-06-03,Retail,RKS 150 Sport,Keeway,68900,5,344500,Transfer
2025-06-12,Wholesale,RKS 150 Sport,Keeway,68900,11,757900,Cash
2025-06-05,Retail,Click 125i,Honda,80900,28,2265200,Transfer
2025-06-17,Retail,502C,Benelli,349000,41,14309000,Credit card
2025-06-23,Retail,GSX-S150,Suzuki,125000,15,1875000,Transfer
2025-06-14,Wholesale,RKS 150 Sport,Keeway,68900,5,344500,Transfer
2025-06-30,Wholesale,SR GT 200,Aprilia,219000,39,8541000,Transfer
2025-06-30,Wholesale,Enfield Classic 350,Royal,250000,30,7500000,Cash
2025-06-05,Retail,Ninja 400,Kawasaki,340000,5,1700000,Transfer
2025-06-29,Retail,Sniper 155,Yamaha,125900,7,881300,Credit card
2025-06-04,Wholesale,ADV 16x,Honda,164900,5,824500,Cash
2025-06-10,Wholesale,R nineT,BMW,995000,5,4975000,Credit card
2025-06-17,Wholesale,SR GT 200,Aprilia,219000,24,5256000,Transfer
2025-06-17,Retail,Primavera 150,Vespa,210000,48,10080000,
2025-06-06,Wholesale,Z400,Kawasaki,331000,3,993000,Credit card
2025-06-23,Wholesale,SR GT 200,Aprilia,219000,17,3723000,Transfer
2025-06-16,Retail,FZi 150,Yamaha,99900,19,1898100,Credit card
2025-06-08,Retail,Burgman Street 125,Suzuki,80900,18,1456200,Credit card
2025-06-04,Retail,R nineT,BMW,995000,8,7960000,Transfer
2025-06-04,Retail,Flash 125,Rusi,48000,6,288000,Transfer
2025-06-25,Retail,300NK,CFMoto,165000,2,330000,Transfer
2025-06-27,Retail,300SR,CFMoto,165000,19,3135000,Credit card
2025-06-19,Retail,GK350,Zontes,269000,13,3497000,Credit card
2025-06-21,Retail,Jet X 150,SYM,128000,20,2560000,Transfer
2025-06-05,Wholesale,Aerox 155,Yamaha,124000,29,3596000,Cash
2025-06-22,Retail,Flash 125,Rusi,48000,5,240000,Credit card
2025-06-21,Wholesale,ADV 160,Honda,164900,12,1978800,Transfer
2025-06-01,Wholesale,Guzzi V7 Stone,Moto,689000,12,8268000,Transfer
2025-06-05,Wholesale,790 Duke,KTM,599000,34,20366000,Transfer
2025-06-12,Wholesale,GK350,Zontes,269000,17,4573000,Credit card
2025-06-27,Retail,Primavera 150,Vespa,210000,16,3360000,Credit card
2025-06-26,Retail,R nineT,BMW,995000,15,14925000,Credit card
2025-06-26,Retail,Enfield Classic 350,Royal,250000,19,4750000,Cash
2025-06-01,Wholesale,Aerox 155,Yamaha,124000,23,2852000,Transfer
2025-06-08,Retail,ADV 160,Honda,164900,48,7915200,Cash
2025-06-14,Wholesale,MT-15,Yamaha,178000,40,7120000,Credit card
2025-06-28,Wholesale,GK350,Zontes,269000,14,3766000,Cash
2025-06-02,Retail,XSR155,Yamaha,182000,44,8008000,Transfer
2025-06-26,Retail,Raider R150 Fi,Suzuki,119900,12,1438800,Transfer
2025-06-14,Retail,Guzzi V7 Stone,Moto,689000,21,14469000,Transfer
2025-06-07,Wholesale,Bobber 650,Bristol,398000,8,3184000,Cash
2025-06-03,Wholesale,Ninja 400,Kawasaki,340000,25,8500000,Transfer
2025-06-23,Wholesale,Primavera 150,Vespa,210000,26,5460000,Cash
2025-06-18,Retail,Ninja 400,Kawasaki,340000,9,3060000,Credit card
2025-06-15,Retail,GSX-S150,Suzuki,125000,1,125000,Cash
2025-06-28,Wholesale,Burgman Street 125,Suzuki,80900,16,1294400,Transfer
2025-06-17,Wholesale,Husky 150,SYM,72900,14,1020600,Cash
2025-06-25,Wholesale,Flash 125,Rusi,48000,40,1920000,Cash
2025-06-17,Wholesale,650MT,CFMoto,345000,19,6555000,Transfer
2025-06-13,Retail,ADV 160,Honda,164900,11,1813900,Cash
2025-06-25,Retail,Apache RTR 200 4V,TVS,129000,8,1032000,Transfer
2025-06-10,Retail,FZi 150,Yamaha,99900,5,499500,Cash
2025-06-08,Wholesale,Avenis 125,Suzuki,79900,46,3675400,Cash
2025-06-06,Retail,G 310 GS,BMW,320000,4,1280000,Credit card
2025-06-26,Wholesale,ADV 160,Honda,164900,7,1154300,Credit card
2025-06-22,Retail,FZi 150,Yamaha,99900,2,199800,Cash
2025-06-21,Retail,CT125,Bajaj,67900,31,2104900,Credit card
2025-06-04,Retail,RC 200,KTM,198000,2,396000,Credit card
2025-06-24,Wholesale,XSR155,Yamaha,182000,32,5824000,Transfer
2025-06-09,Retail,Aerox 155,Yamaha,124000,13,1612000,Cash
2025-06-03,Retail,FZi 150,Yamaha,99900,17,1698300,Credit card
2025-06-24,Wholesale,Serow 250,Yamaha,299000,8,2392000,Cash
2025-06-06,Wholesale,Xplorer 250R,Motorstar,78900,8,631200,Cash
2025-06-04,Wholesale,Aerox 155,Yamaha,124000,14,1736000,Credit card
2025-06-06,Retail,SR GT 200,Aprilia,219000,4,876000,Cash
2025-06-08,Wholesale,Svartpilen 401,Husqvarna,295000,15,4425000,Credit card
2025-06-26,Wholesale,Veloce 500,Bristol,328000,20,6560000,Transfer
2025-06-05,Retail,Z400,Kawasaki,331000,35,11585000,Cash
2025-06-26,Wholesale,502C,Benelli,349000,40,13960000,Transfer
2025-06-19,Retail,CRF300L,Honda,284900,13,3703700,Transfer
2025-06-20,Retail,Xplorer 250R,Motorstar,78900,43,3392700,Transfer
2025-06-12,Retail,310X,Zontes,248000,25,6200000,Cash
2025-06-01,Retail,Primavera 150,Vespa,210000,1,210000,Cash
2025-06-14,Wholesale,Duke 200,KTM,178000,3,534000,
2025-06-11,Retail,Svartpilen 401,Husqvarna,295000,11,3245000,Transfer
2025-06-03,Wholesale,CT125,Bajaj,67900,10,679000,Cash
2025-06-06,Retail,FZi 150,Yamaha,99900,13,1298700,Cash
2025-06-10,Retail,Avenis 125,Suzuki,79900,43,3435700,Credit card
2025-06-05,Wholesale,CBR500R,Honda,389000,23,8947000,Cash
2025-06-23,Retail,502C,Benelli,349000,11,3839000,Credit card
2025-06-10,Wholesale,650MT,CFMoto,345000,22,7590000,Transfer
2025-06-02,Retail,FZi 150,Yamaha,99900,48,4795200,Cash
2025-06-13,Retail,KLX 230,Kawasaki,199000,4,796000,Credit card
2025-06-02,Wholesale,Morini X-Cape 650,Moto,369000,23,8487000,Credit card
